Cocktail Name,Ingredients,Preparation,Glassware,Bartender,Location,Image_URL,Image_Path,Ingredients (Hebrew),Preparation (Hebrew)
Alexander,30 ml Cognac 30 ml Crème de Cacao (Brown) 30 ml Fresh Cream,Pour all ingredients into cocktail shaker filled with ice cubes. Shake and strain into a chilled cocktail glass.,Standard Glass,IBA Official,Global,https://iba-world.com/wp-content/uploads/2024/07/iba-cocktail-the-unforgettables-alexander-669491364f7f2.webp,cocktail_images\alexander.jpg,"30 מ""ל קוניאק 30 מ""ל קרם דה קקאו (חום) 30 מ""ל קרם טרי",יוצקים את כל החומרים לשייקר קוקטיילים מלאים בקוביות קרח. מנערים ומסננים לכוס קוקטייל צוננת.
Americano,30 ml Bitter Campari 30 ml Sweet Red Vermouth A splash of Soda Water,Mix the ingredients directly in an old fashioned glass filled with ice cubes. Add a splash of Soda Water. Stir gently.,Standard Glass,IBA Official,Global,https://iba-world.com/wp-content/uploads/2024/07/iba-cocktail-the-unforgettables-americano-669490fe3cb42.webp,cocktail_images\americano.jpg,"30 מ""ל קמפרי ביטר 30 מ""ל ורמוט אדום מתוק שפריץ של מי סודה",מערבבים את החומרים ישירות בכוס מיושנת מלאה בקוביות קרח. הוסף שפריץ של מי סודה. מערבבים בעדינות.
Angel Face,30 ml Gin 30 ml Apricot Brandy 30 ml Calvados,Pour all ingredients into cocktail shaker filled with ice cubes. Shake and strain into a chilled cocktail glass.,Standard Glass,IBA Official,Global,https://iba-world.com/wp-content/uploads/2024/07/iba-cocktail-the-unforgettables-angel-face-669490fe6df67.webp,cocktail_images\angel_face.jpg,"30 מ""ל ג'ין 30 מ""ל משמש ברנדי 30 מ""ל קלבדוס",יוצקים את כל החומרים לשייקר קוקטיילים מלאים בקוביות קרח. מנערים ומסננים לכוס קוקטייל צוננת.
Aviation,45 ml Gin 15 ml Maraschino Luxardo 15 ml Fresh Lemon Juice 1 Bar Spoon Crème de Violette,Add all ingredients into a cocktail shaker. Shake with cracked ice and strain into a chilled cocktail glass.,Standard Glass,IBA Official,Global,https://iba-world.com/wp-content/uploads/2024/07/iba-cocktail-the-unforgettables-aviation-66949102296a4.webp,cocktail_images\aviation.jpg,"45 מ""ל ג'ין 15 מ""ל Maraschino Luxardo 15 מ""ל מיץ לימון טרי 1 כפית בר קרם דה ויולט",מוסיפים את כל החומרים לשייקר קוקטיילים. מנערים עם קרח סדוק ומסננים לכוס קוקטייל צוננת.
Between the Sheets,30 ml White Rum 30 ml Cognac 30 ml Triple Sec 20 ml Fresh Lemon Juice,Add all ingredients into a cocktail shaker. Shake with ice and strain into a chilled cocktail glass.,Standard Glass,IBA Official,Global,https://iba-world.com/wp-content/uploads/2024/07/iba-cocktail-the-unforgettables-between-the-sheets-669491023d7af.webp,cocktail_images\between_the_sheets.jpg,"30 מ""ל רום לבן 30 מ""ל קוניאק 30 מ""ל Triple Sec 20 מ""ל מיץ לימון טרי",מוסיפים את כל החומרים לשייקר קוקטיילים. מנערים עם קרח ומסננים לכוס קוקטייל צוננת.
Boulevardier,45 ml Bourbon or Rye Whiskey 30 ml Bitter Campari 30 ml Sweet Red Vermouth,Pour all ingredients into mixing glass with ice cubes. Stir well. Strain into chilled cocktail glass.,Standard Glass,IBA Official,Global,https://iba-world.com/wp-content/uploads/2024/07/iba-cocktail-the-unforgettables-boulevardier-6694910552acd.webp,cocktail_images\boulevardier.jpg,"45 מ""ל ויסקי בורבון או שיפון 30 מ""ל קמפרי ביטר 30 מ""ל ורמוט אדום מתוק",יוצקים את כל החומרים לכוס ערבוב עם קוביות קרח. מערבבים היטב. מסננים לכוס קוקטייל צוננת.
Brandy Crusta,52.5 ml Brandy 7.5 ml Maraschino Luxardo 1 Bar Spoon Curacao 15 ml Fresh Lemon Juice 1 Bar Spoon Simple Syrup 2 Dashes Aromatic Bitters,Mix together all ingredients with ice cubes in a mixing glass and strain into a prepared slim cocktail glass.,Standard Glass,IBA Official,Global,https://iba-world.com/wp-content/uploads/2024/07/iba-cocktail-the-unforgettables-brandy-crusta-6694910571bcb.webp,cocktail_images\brandy_crusta.jpg,"52.5 מ""ל ברנדי 7.5 מ""ל Maraschino Luxardo 1 כפית בר Curacao 15 מ""ל מיץ לימון טרי 1 כפית בר פשוט סירופ 2 קוביות מרירות ארומטיות",מערבבים יחד את כל החומרים עם קוביות קרח בכוס ערבוב ומסננים לכוס קוקטייל דקה מוכנה.
Casino,40 ml Old Tom Gin 10 ml Maraschino Luxardo 10 ml Fresh Lemon Juice 2 Dashes Orange Bitters,"Pour all ingredients into cocktails shaker, shake well with ice, strain into chilled rocks glass with ice.",Standard Glass,IBA Official,Global,https://iba-world.com/wp-content/uploads/2024/07/iba-cocktail-the-unforgettables-casino-6694910882cd6.webp,cocktail_images\casino.jpg,"40 מ""ל ישן טום ג'ין 10 מ""ל Maraschino Luxardo 10 מ""ל מיץ לימון טרי 2 קווצות תפוז ביטר","יוצקים את כל המרכיבים לשייקר קוקטיילים, מנערים היטב עם קרח, מסננים לכוס סלעים צוננת עם קרח."
Clover Club,45 ml Gin 15 ml Raspberry Syrup 15 ml Fresh Lemon Juice Few Drops of Egg White,"Pour all ingredients into cocktails shaker, shake well with ice, strain into chilled cocktail glass.",Standard Glass,IBA Official,Global,https://iba-world.com/wp-content/uploads/2024/07/iba-cocktail-the-unforgettables-clover-club-66949108a3e54.webp,cocktail_images\clover_club.jpg,"45 מ""ל ג'ין 15 מ""ל סירופ פטל 15 מ""ל מיץ לימון טרי כמה טיפות חלבון ביצה","יוצקים את כל המרכיבים לשייקר קוקטיילים, מנערים היטב עם קרח, מסננים לכוס קוקטייל צוננת."
Daiquiri,60 ml White Cuban Ron 20 ml Fresh Lime Juice 2 Bar Spoons Superfine Sugar,In a cocktail shaker add all ingredients. Stir well to dissolve the sugar. Add ice and shake. Strain into chilled cocktail glass.,Standard Glass,IBA Official,Global,https://iba-world.com/wp-content/uploads/2024/07/iba-cocktail-the-unforgettables-daiquiri-6694910c5866e.webp,cocktail_images\daiquiri.jpg,"60 מ""ל לבן קובה רון 20 מ""ל מיץ ליים טרי 2 בר כפיות סוכר סופר דק",בשייקר קוקטיילים מוסיפים את כל החומרים. מערבבים היטב להמסת הסוכר. מוסיפים קרח ומנערים. מסננים לכוס קוקטייל צוננת.
Dry Martini,60 ml Gin 10 ml Dry Vermouth,Pour all ingredients into mixing glass with ice cubes. Stir well. Strain into chilled martini cocktail glass.,Standard Glass,IBA Official,Global,https://iba-world.com/wp-content/uploads/2024/07/iba-cocktail-the-unforgettables-dry-martini-6694910fb500c.webp,cocktail_images\dry_martini.jpg,"60 מ""ל ג'ין 10 מ""ל ורמוט יבש",יוצקים את כל החומרים לכוס ערבוב עם קוביות קרח. מערבבים היטב. מסננים לכוס קוקטייל מרטיני צוננת.
Gin Fizz,45 ml Gin 30 ml Fresh Lemon Juice 10 ml Simple Syrup Splash of Soda Water,"Shake all ingredients with ice except soda water. Pour into thin tall Tumbler glass , top with a splash soda water. NOTE: Serve without ice.",Standard Glass,IBA Official,Global,https://iba-world.com/wp-content/uploads/2024/07/iba-cocktail-the-unforgettables-gin-fizz-6694910fc2eab.webp,cocktail_images\gin_fizz.jpg,"45 מ""ל ג'ין 30 מ""ל מיץ לימון טרי 10 מ""ל סירופ פשוט שפריץ של מי סודה","לנער את כל החומרים עם קרח למעט מי סודה. מוזגים לכוס טמבלר גבוהה ודקה, ומעליה מתיז מי סודה. הערה: מגישים ללא קרח."
Hanky Panky,45 ml London Dry Gin 45 ml Sweet Red Vermouth 7.5 ml Fernet,Pour all ingredients into mixing glass with ice cubes. Stir well. Strain into chilled cocktail glass.,Standard Glass,IBA Official,Global,https://iba-world.com/wp-content/uploads/2024/07/iba-cocktail-the-unforgettables-hanky-panky-66949112edbf5.webp,cocktail_images\hanky_panky.jpg,"45 מ""ל London Dry Gin 45 מ""ל Sweet Red Vermouth 7.5 מ""ל Fernet",יוצקים את כל החומרים לכוס ערבוב עם קוביות קרח. מערבבים היטב. מסננים לכוס קוקטייל צוננת.
John Collins,45 ml Gin 30 ml Fresh Lemon Juice 15 ml Simple Syrup 60 ml  Soda Water,Pour all ingredients directly into highball filled with ice. Stir gently. NOTE: Use ‘Old Tom’ Gin for Tom Collins.,Standard Glass,IBA Official,Global,https://iba-world.com/wp-content/uploads/2024/07/iba-cocktail-the-unforgettables-john-collins-669491130ef87.webp,cocktail_images\john_collins.jpg,"45 מ""ל ג'ין 30 מ""ל מיץ לימון טרי 15 מ""ל סירופ פשוט 60 מ""ל  מי סודה",יוצקים את כל המרכיבים ישירות לתוך הייבול מלא בקרח. מערבבים בעדינות. הערה: השתמש בג'ין 'טום הישן' עבור טום קולינס.
Last Word,22.5 ml Gin 22.5 ml Green Chartreuse 22.5 ml Maraschino Luxardo 22.5 ml Fresh Lime Juice,Add all ingredients into a cocktail shaker. Shake with ice and strain into a chilled cocktail glass.,Standard Glass,IBA Official,Global,https://iba-world.com/wp-content/uploads/2024/07/iba-cocktail-the-unforgettables-last-word-6694911607ddf.webp,cocktail_images\last_word.jpg,"22.5 מ""ל ג'ין 22.5 מ""ל שרטרז ירוק 22.5 מ""ל Maraschino Luxardo 22.5 מ""ל מיץ ליים טרי",מוסיפים את כל החומרים לשייקר קוקטיילים. מנערים עם קרח ומסננים לכוס קוקטייל צוננת.
Manhattan,50 ml Rye Whiskey 20 ml Sweet Red Vermouth 1 dash Angostura Bitters,Pour all ingredients into mixing glass with ice cubes. Stir well. Strain into chilled cocktail glass.,Standard Glass,IBA Official,Global,https://iba-world.com/wp-content/uploads/2024/07/iba-cocktail-the-unforgettables-manhattan-6694911627de7.webp,cocktail_images\manhattan.jpg,"50 מ""ל ויסקי שיפון 20 מ""ל ורמוט אדום מתוק 1 קורטוב אנגוסטורה ביטר",יוצקים את כל החומרים לכוס ערבוב עם קוביות קרח. מערבבים היטב. מסננים לכוס קוקטייל צוננת.
Martinez,45 ml London Dry Gin 45 ml Sweet Red Vermouth 1 Bar Spoon Maraschino Luxardo 2 Dashes Orange Bitters,Pour all ingredients into mixing glass with ice cubes. Stir well. Strain into chilled cocktail glass.,Standard Glass,IBA Official,Global,https://iba-world.com/wp-content/uploads/2024/07/iba-cocktail-the-unforgettables-martinez-6694911927849.webp,cocktail_images\martinez.jpg,"45 מ""ל London Dry Gin 45 מ""ל ורמוט אדום מתוק 1 כפית בר Maraschino Luxardo 2 מקפים כתום ביטר",יוצקים את כל החומרים לכוס ערבוב עם קוביות קרח. מערבבים היטב. מסננים לכוס קוקטייל צוננת.
Mary Pickford,45 ml White Rum 45 ml Fresh Pineapple Juice 7.5 ml Maraschino Luxardo 5 ml Grenadine Syrup,"Pour all ingredients into cocktail shaker, shake well with ice, strain into chilled cocktail glass.",Standard Glass,IBA Official,Global,https://iba-world.com/wp-content/uploads/2024/07/iba-cocktail-the-unforgettables-mary-pickford-6694911933ea7.webp,cocktail_images\mary_pickford.jpg,"45 מ""ל רום לבן 45 מ""ל מיץ אננס טרי 7.5 מ""ל Maraschino Luxardo 5 מ""ל סירופ גרנדין","יוצקים את כל החומרים לשייקר קוקטיילים, מנערים היטב עם קרח, מסננים לכוס קוקטייל צוננת."
Monkey Gland,45 ml Dry Gin 45 ml Fresh Orange Juice 1 Tablespoon Absinthe 1 Tablespoon Grenadine Syrup,"Pour all ingredients into cocktail shaker, shake well with ice, strain into chilled cocktail glass.",Standard Glass,IBA Official,Global,https://iba-world.com/wp-content/uploads/2024/07/iba-cocktail-the-unforgettables-monkey-gland-6694911cbf5a2.webp,cocktail_images\monkey_gland.jpg,"45 מ""ל ג'ין יבש 45 מ""ל מיץ תפוזים טרי 1 כף אבסינת 1 כף סירופ גרנדין","יוצקים את כל החומרים לשייקר קוקטיילים, מנערים היטב עם קרח, מסננים לכוס קוקטייל צוננת."
Negroni,30 ml Gin 30 ml Bitter Campari 30 ml Sweet Red Vermouth,Pour all ingredients directly into chilled old fashioned glass filled with ice. Stir gently.,Standard Glass,IBA Official,Global,https://iba-world.com/wp-content/uploads/2024/07/iba-cocktail-the-unforgettables-negroni-6694911cc3b65.webp,cocktail_images\negroni.jpg,"30 מ""ל ג'ין 30 מ""ל קמפרי ביטר 30 מ""ל ורמוט אדום מתוק",יוצקים את כל המרכיבים ישירות לכוס צוננת מיושנת מלאה בקרח. מערבבים בעדינות.
Old Fashioned,45 ml Bourbon or Rye Whiskey 1 Sugar Cube Few Dashes Angostura Bitters Few Dashes Plain Water,"Place sugar cube in old fashioned glass and saturate with bitter, add few dashes of plain water. Muddle until dissolved. Fill the glass with ice cubes and add whiskey. Stir gently.",Standard Glass,IBA Official,Global,https://iba-world.com/wp-content/uploads/2024/07/iba-cocktail-the-unforgettables-old-fashioned-6694911fce360.webp,cocktail_images\old_fashioned.jpg,"45 מ""ל ויסקי בורבון או שיפון 1 קוביית סוכר מעט מקפים אנגוסטורה ביטר מעט קווים מים רגילים","מניחים קוביית סוכר בכוס מיושנת ומשרים במר, מוסיפים כמה קורות מים רגילים. מערבבים עד להמסה. ממלאים את הכוס בקוביות קרח ומוסיפים וויסקי. מערבבים בעדינות."
Paradise,30 ml Gin 20 ml Apricot Brandy 15 ml Fresh Orange Juice,"Pour all ingredients into cocktail shaker, shake well with ice, strain into chilled cocktail glass.",Standard Glass,IBA Official,Global,https://iba-world.com/wp-content/uploads/2024/07/iba-cocktail-the-unforgettables-paradise-6694911fdbd4b.webp,cocktail_images\paradise.jpg,"30 מ""ל ג'ין 20 מ""ל משמש ברנדי 15 מ""ל מיץ תפוזים טרי","יוצקים את כל המרכיבים לשייקר קוקטיילים, מנערים היטב עם קרח, מסננים לכוס קוקטייל צוננת."
Planters Punch,45 ml Jamaican Rum 15 ml Lime Juice 30 ml Sugar Cane Juice,"Pour all ingredients directly in a small tumbler or a typical terracotta glass. NOTE: Add dilution up to taste, it can be given by water, ice or fresh juices.",Standard Glass,IBA Official,Global,https://iba-world.com/wp-content/uploads/2024/07/iba-cocktail-the-unforgettables-planters-punch-66949122d41fb.webp,cocktail_images\planters_punch.jpg,"45 מ""ל רום ג'מייקני 15 מ""ל מיץ ליים 30 מ""ל מיץ קני סוכר","מוזגים את כל החומרים ישירות בכוס קטנה או בכוס טרקוטה טיפוסית. הערה: הוסף דילול לפי הטעם, זה יכול להינתן על ידי מים, קרח או מיצים טריים."
Porto Flip,15 ml Brandy 45 ml Red Tawny Port Wine 10 ml Egg Yolk,"Pour all ingredients into cocktail shaker, shake well with ice, strain into chilled cocktail glass.",Standard Glass,IBA Official,Global,https://iba-world.com/wp-content/uploads/2024/07/iba-cocktail-the-unforgettables-porto-flip-669491230cea4.webp,cocktail_images\porto_flip.jpg,"15 מ""ל ברנדי 45 מ""ל יין פורט אדום טאוני 10 מ""ל חלמון ביצה","יוצקים את כל החומרים לשייקר קוקטיילים, מנערים היטב עם קרח, מסננים לכוס קוקטייל צוננת."
Ramos Fizz,45 ml Gin 15 ml Fresh Lime Juice 15 ml Fresh Lemon Juice 30 ml Sugar Syrup 60 ml Cream 30ml Egg white 3 Dashes Orange Flower Water 2 Drops Vanilla Extract Soda Water,"Pour all ingredients except soda water in a cocktail shaker with ice. Shake for two minutes, double strain in a glass, pour the drink back in the shaker and hard shake without ice for one minute. Strain into a highball glass, top up with soda. NOTE: The drink was invented by Henry Ramos in 1888, at his bar Meyer’s Table d’Hôtel Internationale in New Orleans. The Ramos Fizz was originally shaken for 12 minutes by a crew of 30 bartenders who passed the shaker from one to another.",Standard Glass,IBA Official,Global,https://iba-world.com/wp-content/uploads/2024/07/iba-cocktail-the-unforgettables-ramos-fizz-669491260ca6c.webp,cocktail_images\ramos_fizz.jpg,"45 מ""ל ג'ין 15 מ""ל מיץ ליים טרי 15 מ""ל מיץ לימון טרי 30 מ""ל סירופ סוכר 60 מ""ל שמנת 30 מ""ל חלבון ביצה 3 מקפים מי פרחי תפוז 2 טיפות מי סודה תמצית וניל","יוצקים את כל המרכיבים מלבד מי סודה בשייקר קוקטיילים עם קרח. לנער שתי דקות, לסנן כפול בכוס, לשפוך את המשקה בחזרה לשייקר ולנער חזק ללא קרח למשך דקה. מסננים לכוס הייבול, ממלאים בסודה. הערה: המשקה הומצא על ידי הנרי ראמוס בשנת 1888, בבר שלו Meyer's Table d'Hôtel Internationale בניו אורלינס. ה-Ramos Fizz נער במקור במשך 12 דקות על ידי צוות של 30 ברמנים שהעבירו את השייקר מאחד לשני."
Remember the Maine,60 ml Rye Whiskey 22.5 ml Sweet Vermouth 15 ml Cherry Brandy Luxardo 7.5 ml Absinthe,"Pour the absinthe into a coupe glass and swirl to completely coat the inside. Discard the absinthe and set the glass aside. Add the other ingredients to a mixing glass and fill it 3/4 full with ice. Stir until chilled, then strain into the glass rinsed with the absinthe.",Standard Glass,IBA Official,Global,https://iba-world.com/wp-content/uploads/2024/07/iba-cocktail-the-unforgettables-remember-the-main-6694912622959.webp,cocktail_images\remember_the_maine.jpg,"60 מ""ל ויסקי שיפון 22.5 מ""ל ורמוט מתוק 15 מ""ל דובדבן ברנדי לוקסרדו 7.5 מ""ל אבסינת","מוזגים את האבסינת לכוס קופה ומערבלים כדי לצפות לחלוטין את החלק הפנימי. זורקים את האבסינת ומניחים את הכוס בצד. מוסיפים את שאר המרכיבים לכוס ערבוב וממלאים אותה ל-3/4 בקרח. מערבבים עד לצינון, ואז מסננים לתוך הכוס שטופה באבסינת."
Rusty Nail,45 ml Scotch Whisky 25 ml Drambuie,Pour all ingredients directly into an old fashioned glass filled with ice. Stir gently.,Standard Glass,IBA Official,Global,https://iba-world.com/wp-content/uploads/2024/07/iba-cocktail-the-unforgettables-rusty-nail-66949129acfd1.webp,cocktail_images\rusty_nail.jpg,"45 מ""ל וויסקי סקוטי 25 מ""ל Drambuie",יוצקים את כל המרכיבים ישירות לכוס מיושנת מלאה בקרח. מערבבים בעדינות.
Sazerac,50 ml Cognac 10 ml Absinthe 1 Sugar Cube 2 Dashes Peychaud’s Bitters,"Rinse a chilled old-fashioned glass with the absinthe, add crushed ice and set it aside. Stir the remaining ingredients over ice in a mixing glass. Discard the ice and any excess absinthe from the prepared glass, strain the mixed drink into the glass. NOTE: The original recipe changed after the American Civil War, Rye Whiskey substituted Cognac as it became hard to obtain.",Standard Glass,IBA Official,Global,https://iba-world.com/wp-content/uploads/2024/07/iba-cocktail-the-unforgettables-sazerac-66949129b50d1.webp,cocktail_images\sazerac.jpg,"50 מ""ל קוניאק 10 מ""ל אבסינת 1 קוביית סוכר 2 קווצות פיישו'ס ביטר","שוטפים כוס מיושן צוננת עם האבסינת, מוסיפים קרח כתוש ומניחים בצד. מערבבים את שאר החומרים על קרח בכוס ערבוב. השליכו את הקרח וכל עודפי אבסינת מהכוס המוכנה, מסננים את המשקה המעורב לתוך הכוס. הערה: המתכון המקורי השתנה לאחר מלחמת האזרחים האמריקאית, וויסקי שיפון החליף את הקוניאק מכיוון שהפך קשה להשגה."
Sidecar,50 ml Cognac 20 ml Triple Sec 20 ml Fresh Lemon Juice,"Pour all ingredients into cocktail shaker, shake well with ice, strain into chilled cocktail glass.",Standard Glass,IBA Official,Global,https://iba-world.com/wp-content/uploads/2024/07/iba-cocktail-the-unforgettables-sidecar-6694912cb8aa9.webp,cocktail_images\sidecar.jpg,"50 מ""ל קוניאק 20 מ""ל Triple Sec 20 מ""ל מיץ לימון טרי","יוצקים את כל החומרים לשייקר קוקטיילים, מנערים היטב עם קרח, מסננים לכוס קוקטייל צוננת."
Stinger,50 ml Cognac 20 ml White Crème de Menthe,Pour all ingredients into mixing glass with ice cubes. Stir well. Strain into chilled martini cocktail glass.,Standard Glass,IBA Official,Global,https://iba-world.com/wp-content/uploads/2024/07/iba-cocktail-the-unforgettables-stinger-6694912ce0b8d.webp,cocktail_images\stinger.jpg,"50 מ""ל קוניאק 20 מ""ל קרם דה מנטה לבן",יוצקים את כל החומרים לכוס ערבוב עם קוביות קרח. מערבבים היטב. מסננים לכוס קוקטייל מרטיני צוננת.
Tuxedo,30 ml Old Tom Gin 30 ml Dry Vermouth 1/2 Bar Spoon Maraschino Luxardo 1/4 Bar Spoon of Absinthe 3 Dashes Orange Bitters,Pour all ingredients into mixing glass with ice cubes. Stir well. Strain into chilled martini cocktail glass.,Standard Glass,IBA Official,Global,https://iba-world.com/wp-content/uploads/2024/07/iba-cocktail-the-unforgettables-tuxedo-6694912fd3b8f.webp,cocktail_images\tuxedo.jpg,"30 מ""ל אולד טום ג'ין 30 מ""ל ורמוט יבש 1/2 כפית בר Maraschino Luxardo 1/4 בר כפית אבסינת 3 נקודות כתומים ביטר",יוצקים את כל החומרים לכוס ערבוב עם קוביות קרח. מערבבים היטב. מסננים לכוס קוקטייל מרטיני צוננת.
Vieux Carré,30 ml Rye Whiskey 30 ml Cognac 30 ml Sweet Vermouth 1 Bar Spoon Bénédictine 2 Dashes Peychaud’s Bitters,Pour all ingredients into mixing glass with ice cubes. Stir well. Strain into chilled cocktail glass.,Standard Glass,IBA Official,Global,https://iba-world.com/wp-content/uploads/2024/07/iba-cocktail-the-unforgettables-vieux-carre-6694913015248.webp,cocktail_images\vieux_carr_.jpg,"30 מ""ל ויסקי שיפון 30 מ""ל קוניאק 30 מ""ל ורמוט מתוק 1 כפית בר בנדיקטין 2 מקפים פישו'ס ביטר",יוצקים את כל החומרים לכוס ערבוב עם קוביות קרח. מערבבים היטב. מסננים לכוס קוקטייל צוננת.
Whiskey Sour,45 ml Bourbon Whiskey 25 ml Fresh Lemon Juice 20 ml Sugar Syrup Few Drops of Egg White (Optional),"Pour all ingredients into cocktail shaker filled with ice. Shake well. Strain into cobbler glass. If served “On the rocks”, strain ingredients into old fashioned glass filled with ice. NOTE: If egg white is used shake little harder to release and incorporate the foam from the egg white.",Standard Glass,IBA Official,Global,https://iba-world.com/wp-content/uploads/2024/07/iba-cocktail-the-unforgettables-whiskey-sour-66949132e6ae9.webp,cocktail_images\whiskey_sour.jpg,"45 מ""ל ויסקי בורבון 25 מ""ל מיץ לימון טרי 20 מ""ל סירופ סוכר כמה טיפות חלבון ביצה (אופציונלי)","יוצקים את כל החומרים לשייקר קוקטיילים מלאים בקרח. לנער היטב. מסננים לתוך זכוכית סנדלר. אם מגישים ""על הסלעים"", מסננים את המרכיבים לכוס מיושנת מלאה בקרח. הערה: אם משתמשים בחלבון ביצה לנער קצת יותר חזק כדי לשחרר ולשלב את הקצף מהחלבון."
White Lady,40 ml Gin 30 ml Triple Sec 20 ml Fresh Lemon Juice,"Pour all ingredients into cocktail shaker, shake well with ice, strain into chilled cocktail glass.",Standard Glass,IBA Official,Global,https://iba-world.com/wp-content/uploads/2024/07/iba-cocktail-the-unforgettables-white-lady-6694913318105.webp,cocktail_images\white_lady.jpg,"40 מ""ל ג'ין 30 מ""ל Triple Sec 20 מ""ל מיץ לימון טרי","יוצקים את כל החומרים לשייקר קוקטיילים, מנערים היטב עם קרח, מסננים לכוס קוקטייל צוננת."
Bellini,100 ml Prosecco 50 ml White Peach Puree,"Pour peach puree into the mixing glass with ice, add the Prosecco wine. Stir gently and pour in a chilled flute glass. NOTE: Puccini – Fresh Mandarin Orange Juice; Rossini – Fresh Strawberry Puree; Tintoretto –  Fresh Pomegranate Juice.",Standard Glass,IBA Official,Global,https://iba-world.com/wp-content/uploads/2024/07/iba-cocktail-contemporary-classics-bellini-6695cda4217da.webp,cocktail_images\bellini.jpg,"100 מ""ל פרוסקו 50 מ""ל פירה אפרסק לבן","מוזגים מחית אפרסקים לכוס הערבוב עם קרח, מוסיפים את יין הפרוסקו. מערבבים בעדינות ומוזגים לכוס חליל צוננת. הערה: פוצ'יני - מיץ מנדרינה טרי; רוסיני - פירה תותים טריים; טינטורטו – מיץ רימונים טרי."
Black Russian,50 ml Vodka 20 ml Coffee Liqueur,Pour the ingredients into the old fashioned glass filled with ice cubes. Stir gently. strain ingredients into old fashioned glass filled with ice. NOTE: WHITE RUSSIAN – Float fresh cream on the top and stir in slowly.,Standard Glass,IBA Official,Global,https://iba-world.com/wp-content/uploads/2024/07/iba-cocktail-contemporary-classics-black-russian-6695cda4183dc.webp,cocktail_images\black_russian.jpg,"50 מ""ל וודקה 20 מ""ל ליקר קפה",יוצקים את החומרים לכוס המיושנת המלאה בקוביות קרח. מערבבים בעדינות. מסננים את המרכיבים לתוך זכוכית מיושנת מלאה בקרח. הערה: WHITE RUSSIAN – מצפים שמנת טרייה למעלה ומערבבים פנימה לאט.
Bloody Mary,"45 ml Vodka 90 ml Tomato Juice 15 ml Fresh Lemon Juice 2 dashes Worcestershire Sauce Tabasco, Celery Salt, Pepper (Up to taste)","Stir gently all the ingredients in a mixing glass with ice, pour into rocks glass. NOTE: If requested served with ice, pour into highball glass.",Standard Glass,IBA Official,Global,https://iba-world.com/wp-content/uploads/2024/07/iba-cocktail-contemporary-classics-bloody-mary-6695cda72fe0f.webp,cocktail_images\bloody_mary.jpg,"45 מ""ל וודקה 90 מ""ל מיץ עגבניות 15 מ""ל מיץ לימון טרי 2 מקפים רוטב ווסטרשייר טבסקו, מלח סלרי, פלפל (לפי הטעם)","מערבבים בעדינות את כל המרכיבים בכוס ערבוב עם קרח, יוצקים לכוס סלעים. הערה: אם מבקשים מגישים עם קרח, מוזגים לכוס הייבול."
Caipirinha,60 ml Cachaça 1 Lime cut into small wedges 4 Teaspoons White Cane Sugar,Place lime and sugar into a double old fashioned glass and muddle gently. Fill the glass with cracked ice and add Cachaça. Stir gently to involve ingredients. Note: Caipiroska – Instead of Cachaça use Vodka; Caipirissima – Instead of Cachaça use Rum. Caipirão – Instead of Cachaça use Licor Beirão.,Standard Glass,IBA Official,Global,https://iba-world.com/wp-content/uploads/2024/07/iba-cocktail-contemporary-classics-caipirinha-6695cda74b13a.webp,cocktail_images\caipirinha.jpg,"60 מ""ל קצ'סה 1 ליים חתוך לקוביות קטנות 4 כפיות סוכר קנים לבן",מניחים ליים וסוכר לכוס מיושן כפול ומתבלבלים בעדינות. ממלאים את הכוס בקרח סדוק ומוסיפים את קצ'אסה. מערבבים בעדינות כדי לערב את המרכיבים. הערה: Caipiroska - במקום Cachaça השתמש בוודקה; Caipirissima - במקום Cachaça השתמשו ברום. Caipirão - במקום Cachaça השתמשו ב-Licor Beirão.
Cardinale,40 ml Gin 20 ml Dry Vermouth 10 ml Bitter Campari,Pour all ingredients into mixing glass with ice cubes. Stir well. Strain into chilled cocktail glass.,Standard Glass,IBA Official,Global,https://iba-world.com/wp-content/uploads/2024/07/iba-cocktail-contemporary-classics-cardinale-6695cdaa5f0d8.webp,cocktail_images\cardinale.jpg,"40 מ""ל ג'ין 20 מ""ל ורמוט יבש 10 מ""ל קמפרי ביטר",יוצקים את כל החומרים לכוס ערבוב עם קוביות קרח. מערבבים היטב. מסננים לכוס קוקטייל צוננת.
Champagne Cocktail,90 ml Chilled Champagne 10 ml Cognac 2 dashes Angostura bitters Few drops of Grand Marnier (optional) 1 sugar cube,"Place the sugar cube with 2 dashes of bitters in a large Champagne glass, add the cognac. Pour gently chilled Champagne.",Standard Glass,IBA Official,Global,https://iba-world.com/wp-content/uploads/2024/07/iba-cocktail-contemporary-classics-champagne-cocktail-6695cdaa71bb2.webp,cocktail_images\champagne_cocktail.jpg,"90 מ""ל שמפניה צוננת 10 מ""ל קוניאק 2 מקפים אנגוסטורה ביטר כמה טיפות גראנד מרנייה (לא חובה) 1 קוביית סוכר","מניחים את קוביית הסוכר עם 2 קורות ביטר בכוס שמפניה גדולה, מוסיפים את הקוניאק. יוצקים שמפניה צוננת בעדינות."
Corpse Reviver #2,30 ml Gin 30 ml Cointreau 30 ml Lillet Blanc 30 ml Fresh Lemon Juice 1 dash Absinthe,Pour all ingredients into shaker with ice. Shake well and strain in chilled cocktail glass.,Standard Glass,IBA Official,Global,https://iba-world.com/wp-content/uploads/2024/07/iba-cocktail-contemporary-classics-corpse-reviver-2-6695cdad6da15.webp,cocktail_images\corpse_reviver__2.jpg,"30 מ""ל ג'ין 30 מ""ל קוינטרו 30 מ""ל Lillet Blanc 30 מ""ל מיץ לימון טרי 1 קורטוב אבסינת",יוצקים את כל החומרים לשייקר עם קרח. מנערים היטב ומסננים בכוס קוקטייל צוננת.
Cosmopolitan,40 ml Vodka Citron 15 ml Cointreau 15 ml Fresh Lime Juice 30 ml Cranberry Juice,Add all ingredients into cocktail shaker filled with ice. Shake well and strain into large cocktail glass.,Standard Glass,IBA Official,Global,https://iba-world.com/wp-content/uploads/2024/07/iba-cocktail-contemporary-classics-cosmopolitan-6695cdae389dc.webp,cocktail_images\cosmopolitan.jpg,"40 מ""ל וודקה ציטרון 15 מ""ל קוינטרו 15 מ""ל מיץ ליים טרי 30 מ""ל מיץ חמוציות",הוסף את כל המרכיבים לשייקר קוקטיילים מלא בקרח. מנערים היטב ומסננים לכוס קוקטייל גדולה.
Cuba Libre,50 ml White Rum 120 ml Cola 10 ml Fresh Lime Juice,Build all ingredients in a highball glass filled with ice.,Standard Glass,IBA Official,Global,https://iba-world.com/wp-content/uploads/2024/07/iba-cocktail-contemporary-classics-cuba-libre-6695cdb0a6f80.webp,cocktail_images\cuba_libre.jpg,"50 מ""ל רום לבן 120 מ""ל קולה 10 מ""ל מיץ ליים טרי",בונים את כל המרכיבים בכוס highball מלאה בקרח.
French 75,30 ml Gin 15 ml Fresh Lemon Juice 15 ml Sugar Syrup 60 ml Champagne,"Pour all the ingredients, except Champagne, into a shaker. Shake well and strain into a Champagne flute. Top up with Champagne. Stir gently.",Standard Glass,IBA Official,Global,https://iba-world.com/wp-content/uploads/2024/07/iba-cocktail-contemporary-classics-french-75-6695cdb175e06.webp,cocktail_images\french_75.jpg,"30 מ""ל ג'ין 15 מ""ל מיץ לימון טרי 15 מ""ל סירופ סוכר 60 מ""ל שמפניה","יוצקים את כל המרכיבים, מלבד שמפניה, לשייקר. מנערים היטב ומסננים לחליל שמפניה. מלאו בשמפניה. מערבבים בעדינות."
French Connection,35 ml Cognac 35 ml Amaretto,Pour all ingredients directly into old fashioned glass filled with ice cubes. Stir gently.,Standard Glass,IBA Official,Global,https://iba-world.com/wp-content/uploads/2024/07/iba-cocktail-contemporary-classics-french-connection-6695cdb3cc15f.webp,cocktail_images\french_connection.jpg,"35 מ""ל קוניאק 35 מ""ל אמרטו",יוצקים את כל המרכיבים ישירות לזכוכית מיושנת מלאה בקוביות קרח. מערבבים בעדינות.
Garibaldi,45 ml Bitter Campari 120 ml Freshly Squeezed Orange Juice,Build all ingredients in a highball glass filled with ice.,Standard Glass,IBA Official,Global,https://iba-world.com/wp-content/uploads/2024/07/iba-cocktail-contemporary-classics-garibaldi-6695cdb4cbf81.webp,cocktail_images\garibaldi.jpg,"45 מ""ל קמפרי מר 120 מ""ל מיץ תפוזים סחוט טרי",בונים את כל המרכיבים בכוס highball מלאה בקרח.
Grasshopper,20 ml Crème de Cacao (White) 20 ml Crème de Menthe (Green) 20 ml Fresh Cream,Pour all ingredients into shaker filled with ice. Shake briskly for few seconds. Strain into chilled cocktail glass.,Standard Glass,IBA Official,Global,https://iba-world.com/wp-content/uploads/2024/07/iba-cocktail-contemporary-classics-grasshopper-6695cdb737498.webp,cocktail_images\grasshopper.jpg,"20 מ""ל קרם דה קקאו (לבן) 20 מ""ל קרם דה מנטה (ירוק) 20 מ""ל קרם טרי",יוצקים את כל החומרים לשייקר מלא בקרח. לנער במהירות כמה שניות. מסננים לכוס קוקטייל צוננת.
Hemingway Special,60 ml Rum 40 ml Grapefruit Juice 15 ml Maraschino Luxardo 15 ml Fresh Lime,Pour all ingredients into a shaker with ice. Shake well and strain into a large cocktail glass.,Standard Glass,IBA Official,Global,https://iba-world.com/wp-content/uploads/2024/07/iba-cocktail-contemporary-classics-hemingway-special-6695cdb814e5a.webp,cocktail_images\hemingway_special.jpg,"60 מ""ל רום 40 מ""ל מיץ אשכוליות 15 מ""ל Maraschino Luxardo 15 מ""ל ליים טרי",יוצקים את כל החומרים לשייקר עם קרח. מנערים היטב ומסננים לכוס קוקטייל גדולה.
Horse’s Neck,40 ml Cognac 120 ml Ginger Ale Dash of Angostura Bitters (optional),"Pour Cognac and ginger ale directly into highball glass with ice cubes. Stir gently. If preferred, add dashes of Angostura Bitter.",Standard Glass,IBA Official,Global,https://iba-world.com/wp-content/uploads/2024/07/iba-cocktail-contemporary-classics-horses-neck-6695cdba5fadc.webp,cocktail_images\horse_s_neck.jpg,"40 מ""ל קוניאק 120 מ""ל Ginger Ale Dash of Angostura Bitters (אופציונלי)","יוצקים קוניאק וג'ינג'ר אייל ישירות לכוס גבוהה עם קוביות קרח. מערבבים בעדינות. אם עדיף, הוסיפו קורטובים של אנגוסטורה ביטר."
Irish Coffee,50 ml Irish Whiskey 120 ml Hot coffee 50 ml Fresh cream (Chilled) 1 teaspoon Sugar,Warm black coffee is poured into a preheated Irish coffee glass. Whiskey and at least one teaspoon of sugar is added and stirred until dissolved. Fresh thick chilled cream is carefully poured over the back of a spoon held just above the surface of the coffee. The layer of cream will float on the coffee without mixing. Plain sugar can be replaced with sugar syrup,Standard Glass,IBA Official,Global,https://iba-world.com/wp-content/uploads/2024/07/iba-cocktail-contemporary-classics-irish-coffee-copy-6695cdbb430cd.webp,cocktail_images\irish_coffee.jpg,"50 מ""ל וויסקי אירי 120 מ""ל קפה חם 50 מ""ל שמנת פרש (מצונן) 1 כפית סוכר",קפה שחור חם מוזג לכוס אייריש קפה שחוממת מראש. מוסיפים ויסקי ולפחות כפית אחת של סוכר ומערבבים עד להמסה. קרם טרי וצנן סמיך מוזג בזהירות על גב כפית המוחזקת ממש מעל פני הקפה. שכבת הקרם תצוף על הקפה ללא ערבוב. סוכר רגיל ניתן להחליף בסירופ סוכר
Kir,90 ml Dry White Wine 10 ml Crème de Cassis,"Pour Crème de Cassis into glass, top up with white wine. NOTE: Kir Royal – Use Champagne instead of white wine",Standard Glass,IBA Official,Global,https://iba-world.com/wp-content/uploads/2024/07/iba-cocktail-contemporary-classics-kir-6695cdbdbb2e1.webp,cocktail_images\kir.jpg,"90 מ""ל יין לבן יבש 10 מ""ל קרם דה קסיס","מוזגים את קרם דה קסיס לכוס, ממלאים ביין לבן. הערה: קיר רויאל - השתמשו בשמפניה במקום ביין לבן"
Lemon Drop Martini,30 ml Vodka 20 ml Triple Sec 15 ml Fresh Squeezed Lemon Juice,Pour all ingredients into a shaker with ice. Shake well and strain into a chilled cocktail glass.,Standard Glass,IBA Official,Global,https://iba-world.com/wp-content/uploads/2024/07/iba-cocktail-contemporary-classics-lemon-drop-martini-6695cdbe3eed7.webp,cocktail_images\lemon_drop_martini.jpg,"30 מ""ל וודקה 20 מ""ל Triple Sec 15 מ""ל מיץ לימון סחוט טרי",יוצקים את כל החומרים לשייקר עם קרח. מנערים היטב ומסננים לכוס קוקטייל צוננת.
Long Island Iced Tea,15 ml Vodka 15 ml Tequila 15 ml White rum 15 ml Gin 15 ml Cointreau 25 ml Lemon juice 30 ml Simple syrup Top with Cola,Add all ingredients into highball glass filled with ice. Stir gently.,Standard Glass,IBA Official,Global,https://iba-world.com/wp-content/uploads/2024/07/iba-cocktail-contemporary-classics-long-island-iced-tea-6695cdc10c463.webp,cocktail_images\long_island_iced_tea.jpg,"15 מ""ל וודקה 15 מ""ל טקילה 15 מ""ל רום לבן 15 מ""ל ג'ין 15 מ""ל קוינטרו 25 מ""ל מיץ לימון 30 מ""ל סירופ פשוט למעלה עם קולה",הוסף את כל המרכיבים לתוך כוס highball מלאה בקרח. מערבבים בעדינות.
Mai-Tai,30 ml Amber Jamaican Rum 30 ml Martinique Molasses Rhum* 15 ml Orange Curacao 15 ml Orgeat Syrup (Almond) 30 ml Fresh Squeezed Lime Juice 7.5 ml Simple Syrup,Add all ingredients into a shaker with ice. Shake and pour into a double rocks glass or an highball glass. * The Martinique molasses rum used by Trader Vic was not an Agricole Rhum but a type of “rummy” from molasses.,Standard Glass,IBA Official,Global,https://iba-world.com/wp-content/uploads/2024/07/iba-cocktail-contemporary-classics-mai-tai-6695cdc169ea3.webp,cocktail_images\mai_tai.jpg,"30 מ""ל אמבר ג'מייקני רום 30 מ""ל מרטיניק מולסה רום* 15 מ""ל כתום קורקאו 15 מ""ל סירופ אורז'אט (שקדים) 30 מ""ל מיץ ליים סחוט טרי 7.5 מ""ל סירופ פשוט","מוסיפים את כל החומרים לשייקר עם קרח. מנערים ומוזגים לכוס סלעים כפולה או כוס הייבול. * רום המולסה של מרטיניק ששימש את טריידר ויק לא היה Agricole Rhum אלא סוג של ""רמי"" ממולסה."
Margarita,50 ml Tequila 100% Agave 20 ml Triple Sec 15 ml Freshly Squeezed Lime Juice,Add all ingredients into a shaker with ice. Shake and strain into a chilled cocktail glass.,Standard Glass,IBA Official,Global,https://iba-world.com/wp-content/uploads/2024/07/iba-cocktail-contemporary-classics-margarita-6695cdd7505e0.webp,cocktail_images\margarita.jpg,"50 מ""ל טקילה 100% אגבה 20 מ""ל Triple Sec 15 מ""ל מיץ ליים סחוט טרי",מוסיפים את כל החומרים לשייקר עם קרח. מנערים ומסננים לכוס קוקטייל צוננת.
Mimosa,75 ml Freshly Squeezed  Orange Juice 75 ml Prosecco,Pour orange juice into flute glass and gently pour the sparkling wine. Stir gently. NOTE: Also known as Buck’s Fizz.,Standard Glass,IBA Official,Global,https://iba-world.com/wp-content/uploads/2024/07/iba-cocktail-contemporary-classics-mimosa-6695cdc4463c9.webp,cocktail_images\mimosa.jpg,"75 מ""ל מיץ תפוזים סחוט טרי 75 מ""ל פרוסקו",מוזגים מיץ תפוזים לכוס חליל ומוזגים בעדינות את היין המבעבע. מערבבים בעדינות. הערה: ידוע גם בשם Buck's Fizz.
Mint Julep,60 ml Bourbon Whiskey 4 fresh Mint sprigs 1 tsp Powdered Sugar 2 tsp Water,"In Julep Stainless Steel Cup gently muddle the mint with sugar and water. Fill the glass with cracked ice, add the Bourbon and stir well until the cup frosts.",Standard Glass,IBA Official,Global,https://iba-world.com/wp-content/uploads/2024/07/iba-cocktail-contemporary-classics-mint-julep-6695cdc4aa398.webp,cocktail_images\mint_julep.jpg,"60 מ""ל ויסקי בורבון 4 ענפי נענע טרייה 1 כפית אבקת סוכר 2 כפיות מים","בגביע נירוסטה ג'ולפ לערבב בעדינות את הנענע עם סוכר ומים. ממלאים את הכוס בקרח סדוק, מוסיפים את הבורבון ומערבבים היטב עד שהכוס מתקררת."
Mojito,45 ml White Cuban Ron 20 ml  Fresh Lime Juice 6 pcs Mint Sprigs 2 tsp White Cane Sugar Soda Water,Mix mint springs with sugar and lime juice. Add splash of soda water and fill the glass with ice. Pour the rum and top with soda water. Light stir to involve all ingredients.,Standard Glass,IBA Official,Global,https://iba-world.com/wp-content/uploads/2024/07/iba-cocktail-contemporary-classics-mojito-6695cdc755626.webp,cocktail_images\mojito.jpg,"45 מ""ל לבן קובה רון 20 מ""ל  מיץ ליים טרי 6 יח' ענפי נענע 2 כפיות סוכר קנה לבן מי סודה",מערבבים קפיצי נענע עם סוכר ומיץ ליים. מוסיפים שפריץ של מי סודה וממלאים את הכוס בקרח. יוצקים את הרום ומעליהם מי סודה. ערבוב קל כדי לערב את כל המרכיבים.
Moscow Mule,45 ml Smirnoff Vodka 120 ml Ginger Beer 10 ml Fresh lime juice,"In an Mule Cup or rocks glass, combine the vodka and ginger beer. Add lime juice and gently stir to involve all ingredients.",Standard Glass,IBA Official,Global,https://iba-world.com/wp-content/uploads/2024/07/iba-cocktail-contemporary-classics-moscow-mule-6695cdc7d8cb2.webp,cocktail_images\moscow_mule.jpg,"45 מ""ל וודקה סמירנוף 120 מ""ל בירה ג'ינג'ר 10 מ""ל מיץ ליים טרי","בכוס פרדה או כוס סלעים, שלבו את הוודקה ובירת הג'ינג'ר. מוסיפים מיץ ליים ומערבבים בעדינות כדי לערב את כל המרכיבים."
Pina Colada,50 ml White Rum 30 ml Coconut Cream 50 ml Fresh Pineapple Juice,"Blend all the ingredients with ice in a electric blender, pour into a large glass and serve with straws. Note: Historically a few drops of fresh lime juice was added to taste. 4 slices of fresh pineapple can be used instead of juice",Standard Glass,IBA Official,Global,https://iba-world.com/wp-content/uploads/2024/07/iba-cocktail-contemporary-classics-pina-colada-6695cdcabbf00.webp,cocktail_images\pina_colada.jpg,"50 מ""ל רום לבן 30 מ""ל קרם קוקוס 50 מ""ל מיץ אננס טרי","מערבבים את כל המרכיבים עם קרח בבלנדר חשמלי, מוזגים לכוס גדולה ומגישים עם קשיות. הערה: באופן היסטורי נוספו כמה טיפות של מיץ ליים טרי לפי הטעם. ניתן להשתמש ב-4 פרוסות אננס טרי במקום מיץ"
Pisco Sour,60 ml Pisco 30 ml Fresh Lemon Juice 20 ml Simple Syrup 1 Raw whole Egg White,Add all ingredients into a shaker with ice. Shake and strain into a chilled goblet glass.,Standard Glass,IBA Official,Global,https://iba-world.com/wp-content/uploads/2024/07/iba-cocktail-contemporary-classics-pisco-sour-6695cdcaf1122.webp,cocktail_images\pisco_sour.jpg,"60 מ""ל פיסקו 30 מ""ל מיץ לימון טרי 20 מ""ל סירופ פשוט 1 חלבון ביצה שלם גולמי",מוסיפים את כל החומרים לשייקר עם קרח. מנערים ומסננים לתוך כוס גביע צוננת.
Rabo de Galo,60 ml Cachaca 20 ml Sweet Vermouth Cinzano Rosso 15 ml Cynar 2 Drops Angostura (Optional),"Combine all the ingredients into a rocks glass, add ice and stir briefly.",Standard Glass,IBA Official,Global,https://iba-world.com/wp-content/uploads/2024/07/iba-cocktail-contemporary-classics-rabo-de-galo-6695cdcdb2df1.webp,cocktail_images\rabo_de_galo.jpg,"60 מ""ל קצ'אקה 20 מ""ל ורמוט מתוק Cinzano Rosso 15 מ""ל Cynar 2 טיפות אנגוסטורה (אופציונלי)","מערבבים את כל החומרים לכוס סלעים, מוסיפים קרח ומערבבים קצרות."
Sea Breeze,40 ml Vodka 120 ml Cranberry Juice 30 ml Grapefruit Juice,Build all ingredients in a highball glass filled with ice.,Standard Glass,IBA Official,Global,https://iba-world.com/wp-content/uploads/2024/07/iba-cocktail-contemporary-classics-sea-breeze-6695cdce015a8.webp,cocktail_images\sea_breeze.jpg,"40 מ""ל וודקה 120 מ""ל מיץ חמוציות 30 מ""ל מיץ אשכוליות",בונים את כל המרכיבים בכוס highball מלאה בקרח.
Sex on the Beach,40 ml Vodka 20 ml Peach Schnapps 40 ml Fresh Orange Juice 40 ml Cranberry Juice,Build all ingredients in a highball glass filled with ice.,Standard Glass,IBA Official,Global,https://iba-world.com/wp-content/uploads/2024/07/iba-cocktail-contemporary-classics-sex-on-the-beach-6695cdd0aecf3.webp,cocktail_images\sex_on_the_beach.jpg,"40 מ""ל וודקה 20 מ""ל שנאפס אפרסק 40 מ""ל מיץ תפוזים טרי 40 מ""ל מיץ חמוציות",בונים את כל המרכיבים בכוס highball מלאה בקרח.
Singapore Sling,30 ml Gin 15 ml Cherry Sangue Morlacco 7.5 ml Cointreau 7.5 ml DOM Bénédictine 120 ml Fresh Pineapple Juice 15 ml Fresh Lime Juice 10 ml Grenadine Syrup A dash of Angostura bitters,Pour all ingredients into cocktail shaker filled with ice cubes. Shake well. Strain into Hurricane glass.,Standard Glass,IBA Official,Global,https://iba-world.com/wp-content/uploads/2024/07/iba-cocktail-contemporary-classics-singapore-sling-6695cdd136426.webp,cocktail_images\singapore_sling.jpg,"30 מ""ל ג'ין 15 מ""ל דובדבן סנג מורלאקו 7.5 מ""ל קוינטרו 7.5 מ""ל DOM Bénédictine 120 מ""ל מיץ אננס טרי 15 מ""ל מיץ ליים טרי 10 מ""ל סירופ גרנדין קורטוב של אנגוסטורה ביטר",יוצקים את כל החומרים לשייקר קוקטיילים מלאים בקוביות קרח. לנער היטב. מסננים לתוך זכוכית הוריקן.
Tequila Sunrise,45 ml Tequila 90 ml Fresh Orange Juice 15 ml Grenadine Syrup,"Pour tequila and orange juice directly into highball glass filled with ice cubes. Add the grenadine syrup to create chromatic effect (sunrise), do not stir.",Standard Glass,IBA Official,Global,https://iba-world.com/wp-content/uploads/2024/07/iba-cocktail-contemporary-classics-tequila-sunrise-6695cdd3da10a.webp,cocktail_images\tequila_sunrise.jpg,"45 מ""ל טקילה 90 מ""ל מיץ תפוזים טרי 15 מ""ל סירופ גרנדין","יוצקים טקילה ומיץ תפוזים ישירות לתוך כוס גבוהה מלאת קוביות קרח. מוסיפים את סירופ הגרנדין ליצירת אפקט כרומטי (זריחה), אין לערבב."
Vesper,45 ml Gin 15 ml Vodka 7.5 ml Lillet Blanc,Pour all ingredients into cocktail shaker filled with ice cubes. Shake and strain into a chilled cocktail glass.,Standard Glass,IBA Official,Global,https://iba-world.com/wp-content/uploads/2024/07/iba-cocktail-contemporary-classics-vesper-6695cdd43284b.webp,cocktail_images\vesper.jpg,"45 מ""ל ג'ין 15 מ""ל וודקה 7.5 מ""ל Lillet Blanc",יוצקים את כל החומרים לשייקר קוקטיילים מלאים בקוביות קרח. מנערים ומסננים לכוס קוקטייל צוננת.
Zombie,45 ml Jamaican dark rum 45 ml Gold Puerto Rican rum 30 ml Demerara Rum 20 ml Fresh lime juice 15 ml Falernum 15 ml Donn’s Mix* 1 tsp Grenadine syrup 1 dash Angostura bitters 6 drops Pernod,Add all ingredients into an electric blender with 170 grams of cracked ice. With pulse bottom blend for a few seconds. Serve in a tall tumbler glass. Note: *Donn’s Mix: 2 parts of fresh yellow grapefruit and 1 part of cinnamon syrup,Standard Glass,IBA Official,Global,https://iba-world.com/wp-content/uploads/2024/07/iba-cocktail-contemporary-classics-zombie-6695cdd6cef05.webp,cocktail_images\zombie.jpg,"45 מ""ל רום ג'מייקני כהה 45 מ""ל זהב רום פורטוריקני 30 מ""ל דמררה רום 20 מ""ל מיץ ליים טרי 15 מ""ל פלרנום 15 מ""ל Donn's Mix* 1 כפית סירופ גרנדין 1 קורט אנגוסטורה ביטר 6 טיפות Pernod",מוסיפים את כל החומרים לבלנדר חשמלי עם 170 גרם קרח סדוק. עם תחתית דופק לערבב לכמה שניות. מגישים בכוס כוסית גבוהה. הערה: *Donn's Mix: 2 חלקים של אשכולית צהובה טרייה וחלק אחד של סירופ קינמון
Bee’s Knees,52.5 ml Dry Gin 2 teaspoons Honey Syrup 22.5 ml Fresh Lemon Juice 22.5 ml Fresh Orange Juice,"Stir honey with lemon and orange juices until it dissolves, add gin and shake with ice. Strain into a chilled cocktail glass.",Standard Glass,IBA Official,Global,https://iba-world.com/wp-content/uploads/2024/07/iba-cocktail-new-era-bees-knees-6695d397e26c1.webp,cocktail_images\bee_s_knees.jpg,"52.5 מ""ל ג'ין יבש 2 כפיות סירופ דבש 22.5 מ""ל מיץ לימון טרי 22.5 מ""ל מיץ תפוזים טרי","מערבבים דבש עם מיצי לימון ותפוזים עד שהוא נמס, מוסיפים ג'ין ומנערים עם קרח. מסננים לכוס קוקטייל צוננת."
Bramble,50 ml Gin 25 ml Fresh Lemon Juice 12.5 ml Sugar Syrup 15 ml Crème de Mûre,"Pour all ingredients into cocktail shaker except the Crème de Mûre, shake well with ice, strain into chilled old fashioned glass filled with crushed ice, then pour the blackberry liqueur (Crème de Mûre) over the top of the drink, in a circular motion.",Standard Glass,IBA Official,Global,https://iba-world.com/wp-content/uploads/2024/07/iba-cocktail-new-era-bramble-6695d398036e1.webp,cocktail_images\bramble.jpg,"50 מ""ל ג'ין 25 מ""ל מיץ לימון טרי 12.5 מ""ל סירופ סוכר 15 מ""ל קרם דה מיור","יוצקים את כל המרכיבים לשייקר קוקטיילים מלבד ה-Crème de Mûre, מנערים היטב עם קרח, מסננים לכוס צוננת מיושנת מלאה בקרח כתוש, ואז יוצקים את ליקר האוכמניות (Crème de Mûre) על החלק העליון של המשקה, בתנועה סיבובית."
Canchanchara,60 ml Cuban Aguardiente 15 ml Fresh Lime Juice 15 ml Raw Honey 50 ml Water,"Mix honey with water and lime juice and spread the mixture on the bottom and sides of the glass. Add cracked ice, and then the rum. End by energetically stirring from bottom to top.",Standard Glass,IBA Official,Global,https://iba-world.com/wp-content/uploads/2024/07/iba-cocktail-new-era-canchanchara-6695d39b24d7e.webp,cocktail_images\canchanchara.jpg,"60 מ""ל Cuban Aguardiente 15 מ""ל מיץ ליים טרי 15 מ""ל דבש גולמי 50 מ""ל מים","מערבבים דבש עם מים ומיץ ליים ומורחים את התערובת על תחתית ודפנות הכוס. הוסף קרח סדוק, ולאחר מכן את הרום. סיימו בערבוב אנרגטי מלמטה למעלה."
Chartreuse Swizzle,45 ml Green Chartreuse 30 ml Fresh Pineapple Juice 22.5 ml Fresh Lime Juice 15 ml Falernum,"Pour all ingredients into a tall glass, add pebble ice. With the help of a swizzle stick (or cocktail spoon) mix vigorously, complete by filling the glass with more pebble ice.",Standard Glass,IBA Official,Global,https://iba-world.com/wp-content/uploads/2024/07/iba-cocktail-new-era-chartreuse-swizzle-6695d39b326e0.webp,cocktail_images\chartreuse_swizzle.jpg,"45 מ""ל שרטרז ירוק 30 מ""ל מיץ אננס טרי 22.5 מ""ל מיץ ליים טרי 15 מ""ל פלרנום","יוצקים את כל החומרים לכוס גבוהה, מוסיפים קרח חלוקי נחל. בעזרת מקל סוויזל (או כפית קוקטייל) מערבבים במרץ, משלימים על ידי מילוי הכוס בעוד קרח חלוקי נחל."
Dark ‘N’ Stormy,60 ml Goslings Rum 100 ml Ginger Beer,In a highball glass filled with ice pour the ginger beer and top floating with the Rum.,Standard Glass,IBA Official,Global,https://iba-world.com/wp-content/uploads/2024/07/iba-cocktail-new-era-dark-n-stormy-6695d39e2bd94.webp,cocktail_images\dark__n__stormy.jpg,"60 מ""ל Goslings Rum 100 מ""ל בירה ג'ינג'ר",בכוס הייבול מלאה בקרח מוזגים את בירה הג'ינג'ר והחלק העליון צף עם הרום.
Don’s Special Daiquiri,30 ml Gold Jamaican Rum 15 ml Cuban Rum 15 ml Passion Fruit Syrup 15 ml Fresh lime juice 15 ml Honey Syrup,Blend for a few seconds in a milkshake mixer with  crushed ice and pour into a footed copo glass. Fill the glass with more crushed ice.,Standard Glass,IBA Official,Global,https://iba-world.com/wp-content/uploads/2024/07/iba-cocktail-new-era-dons-special-daiquiri-6695d39e89fd7.webp,cocktail_images\don_s_special_daiquiri.jpg,"30 מ""ל רום ג'מייקני זהב 15 מ""ל רום קובני 15 מ""ל סירופ פסיפלורה 15 מ""ל מיץ ליים טרי 15 מ""ל סירופ דבש",מערבלים כמה שניות במיקסר מילקשייק עם קרח כתוש ומוזגים לכוס קופו עם רגל. ממלאים את הכוס בעוד קרח כתוש.
Espresso Martini,50 ml Vodka 30 ml Kahlúa 10 ml Sugar Syrup 1 strong Espresso,"Pour all ingredients into cocktail shaker, shake well with ice, strain into chilled cocktail glass.",Standard Glass,IBA Official,Global,https://iba-world.com/wp-content/uploads/2024/07/iba-cocktail-new-era-espresso-martini-6695d3a172fd3.webp,cocktail_images\espresso_martini.jpg,"50 מ""ל וודקה 30 מ""ל קאלואה 10 מ""ל סירופ סוכר 1 אספרסו חזק","יוצקים את כל החומרים לשייקר קוקטיילים, מנערים היטב עם קרח, מסננים לכוס קוקטייל צוננת."
Fernandito,50 ml Fernet Branca Fill up with Cola,"Pour the Fernet Branca into a double old fashioned glass with ice, fill the glass up with Cola. Gently stir.",Standard Glass,IBA Official,Global,https://iba-world.com/wp-content/uploads/2024/07/iba-cocktail-new-era-fernandito-6695d3a1a3586.webp,cocktail_images\fernandito.jpg,"50 מ""ל Fernet Branca מילוי עם קולה","מוזגים את ה-Fernet Branca לכוס מיושן כפול עם קרח, ממלאים את הכוס בקולה. מערבבים בעדינות."
French Martini,45 ml Vodka 15 ml Raspberry Liqueur 15 ml Fresh Pineapple Juice,"Pour all ingredients into cocktail shaker, shake well with ice, strain into chilled cocktail glass.",Standard Glass,IBA Official,Global,https://iba-world.com/wp-content/uploads/2024/07/iba-cocktail-new-era-french-martini-6695d3a4acf5f.webp,cocktail_images\french_martini.jpg,"45 מ""ל וודקה 15 מ""ל ליקר פטל 15 מ""ל מיץ אננס טרי","יוצקים את כל החומרים לשייקר קוקטיילים, מנערים היטב עם קרח, מסננים לכוס קוקטייל צוננת."
Gin Basil Smash,60ml Gin 22.5 ml Freshly Squeezed Lemon Juice 22.5 ml Sugar Syrup 10 pcs Italian Basil leaves,Add all ingredients into shaker with ice. Shake vigorously and pour into chilled cocktail glass.,Standard Glass,IBA Official,Global,https://iba-world.com/wp-content/uploads/2024/07/iba-cocktail-new-era-gin-basil-smash-6695d3a4c0967.webp,cocktail_images\gin_basil_smash.jpg,"60 מ""ל ג'ין 22.5 מ""ל מיץ לימון סחוט טרי 22.5 מ""ל סירופ סוכר 10 יח' עלי בזיליקום איטלקי",הוסף את כל החומרים לשייקר עם קרח. מנערים במרץ ומוזגים לכוס קוקטייל צוננת.
Grand Margarita,45 ml Tequila 100% agave 30 ml  Grand Marnier 15 ml Fresh Lime Juice,Rim the rock glass with good quality sea salt. Pour the ingredients into the  shaker. Add ice to both glass and shaker. Shake hard for 10 seconds. Strain the drink into the glass.,Standard Glass,IBA Official,Global,https://iba-world.com/wp-content/uploads/2024/07/iba-cocktail-new-era-tommys-margarita-6695d3c7171ef.webp,cocktail_images\grand_margarita.jpg,"45 מ""ל טקילה 100% אגבה 30 מ""ל גראנד מרנייה 15 מ""ל מיץ ליים טרי",שופעים את זכוכית הסלע במלח ים באיכות טובה. יוצקים את החומרים לשייקר. הוסף קרח גם לכוס וגם לשייקר. לנער חזק במשך 10 שניות. מסננים את המשקה לתוך הכוס.
IBA Tiki,30 ml Ron Profundo Havana Club 30 ml Ron Smoky Havana Club 15 ml Licor Amaretto 5 ml Licor Frangelico 5 drops Maraschino Luxardo 30 ml Passion Fruit Puree 90 Fresh Pineapple Juice 30 Fresh Lime Juice 1 pc Gengibre Slice,"In a cocktail shaker muddle a thin slice of Gengibre, Pour all other ingredients. Shake vigorously with ice. Strain into a chilled Tiki glass filled with pebbled ice.",Standard Glass,IBA Official,Global,https://iba-world.com/wp-content/uploads/2024/07/iba-cocktail-new-era-iba-tiki-6695d3a7e33fd.webp,cocktail_images\iba_tiki.jpg,"30 מ""ל רון פרופונדו הוואנה קלאב 30 מ""ל רון סמוקי הוואנה קלאב 15 מ""ל ליקור אמרטו 5 מ""ל ליקור פרנג'ליקו 5 טיפות Maraschino Luxardo 30 מ""ל פירה פסיפלורה 90 מיץ אננס טרי 30 מיץ ליים טרי 1 יחידה פרוסת ג'נג'יבר","בתוך שייקר קוקטיילים מערבבים פרוסה דקה של ג'נג'יברה, יוצקים את כל שאר המרכיבים. לנער במרץ עם קרח. מסננים לכוס טיקי צוננת מלאה בקרח חלוקי נחל."
Illegal,30 ml Espadin Mezcal 15 ml Jamaica Overproof White Rum 15 ml Falernum 1 Bar Spoon Maraschino Luxardo 22.5 ml Fresh Lime Juice 15 ml Simple Syrup Few Drops of Egg White (Optional),"Pour all ingredients into the shaker. Shake vigorously with ice. Strain into a chilled cocktail glass, or “on the rocks” in a traditional clay or terracotta mug.",Standard Glass,IBA Official,Global,https://iba-world.com/wp-content/uploads/2024/07/iba-cocktail-new-era-illegal-6695d3a7de51f.webp,cocktail_images\illegal.jpg,"30 מ""ל Espadin Mezcal 15 מ""ל ג'מייקה רום לבן חסין יתר 15 מ""ל פלרנום 1 כפית בר Maraschino Luxardo 22.5 מ""ל מיץ ליים טרי 15 מ""ל סירופ פשוט כמה טיפות של חלבון ביצה (אופציונלי)","יוצקים את כל החומרים לשייקר. לנער במרץ עם קרח. מסננים לתוך כוס קוקטייל צוננת, או ""על הסלעים"" בספל חימר או טרקוטה מסורתי."
Jungle Bird,45 ml Blackstrap rum 22.5 ml Campari 45 ml Pineapple juice 15 ml Freshly Squeezed Lime juice 15 ml Demerara sugar syrup,Pour all ingredients into a shaker with ice and shake. Strain into a rocks glass filled with ice.,Standard Glass,IBA Official,Global,https://iba-world.com/wp-content/uploads/2024/07/iba-cocktail-new-era-jungle-bird-6695d3ab45a87.webp,cocktail_images\jungle_bird.jpg,"45 מ""ל Blackstrap רום 22.5 מ""ל קמפרי 45 מ""ל מיץ אננס 15 מ""ל מיץ ליים סחוט טרי 15 מ""ל סירופ סוכר דמררה",יוצקים את כל החומרים לשייקר עם קרח ומנערים. מסננים לתוך כוס סלעים מלאה בקרח.
Missionary’s Downfall,30 ml White rum 15 ml Peach Brandy 15 ml Fresh lime juice 30 ml Honey Mix 10 pcs Mint Leaves 3 to 4 pcs Pineapple Chunks,Blend all the ingredients with half cup of crushed ice. Serve it in a Coppa grande.,Standard Glass,IBA Official,Global,https://iba-world.com/wp-content/uploads/2024/07/iba-cocktail-new-era-missionarys-downfall-6695d3ab4d4c5.webp,cocktail_images\missionary_s_downfall.jpg,"30 מ""ל רום לבן 15 מ""ל ברנדי אפרסק 15 מ""ל מיץ ליים טרי 30 מ""ל מיקס דבש 10 יח' עלי נענע 3 עד 4 יח' נתחי אננס",מערבבים את כל המרכיבים עם חצי כוס קרח כתוש. מגישים אותו בקופה גרנדה.
Naked and Famous,22.5 ml Mezcal 22.5 ml Yellow Chartreuse 22.5 ml Aperol 22.5 ml Fresh Lime Juice,"Pour all ingredients into cocktail shaker, shake well with ice, strain into chilled cocktail glass.",Standard Glass,IBA Official,Global,https://iba-world.com/wp-content/uploads/2024/07/iba-cocktail-new-era-naked-and-famous-6695d3ae8e1dc.webp,cocktail_images\naked_and_famous.jpg,"22.5 מ""ל Mezcal 22.5 מ""ל צ'ארטרוז צהוב 22.5 מ""ל אפרול 22.5 מ""ל מיץ ליים טרי","יוצקים את כל החומרים לשייקר קוקטיילים, מנערים היטב עם קרח, מסננים לכוס קוקטייל צוננת."
New York Sour,60 ml Rye Whiskey or Bourbon 22.5 ml Simple syrup 30 ml Fresh lemon juice Few Drops of Egg White 15 ml Red wine (Shiraz or Malbech),Pour all ingredients into the shaker. Shake vigorously with ice. Strain into a chilled rocks glass filled with ice. Float the wine on top.,Standard Glass,IBA Official,Global,https://iba-world.com/wp-content/uploads/2024/07/iba-cocktail-new-era-new-york-sour-6695d3ae88cd2.webp,cocktail_images\new_york_sour.jpg,"60 מ""ל ויסקי שיפון או בורבון 22.5 מ""ל סירופ פשוט 30 מ""ל מיץ לימון טרי כמה טיפות חלבון ביצה 15 מ""ל יין אדום (שיראז או מלבך)",יוצקים את כל החומרים לשייקר. לנער במרץ עם קרח. מסננים לתוך כוס סלעים צוננת מלאה בקרח. מרחפים את היין מעל.
Old Cuban,6/8 pcs Mint Leaves 45 ml Aged Rum 22.5 ml Fresh Lime Juice 30 ml Simple Syrup 2 Dashes Angostura Bitters 60 ml Brut Champagne or Prosecco,"Pour all ingredients into cocktail shaker except the wine, shake well with ice, strain into chilled elegant cocktail glass. Top up with the sparkling wine.",Standard Glass,IBA Official,Global,https://iba-world.com/wp-content/uploads/2024/07/iba-cocktail-new-era-old-cuban-6695d3b18c692.webp,cocktail_images\old_cuban.jpg,"6/8 יח' עלי נענע 45 מ""ל רום מיושן 22.5 מ""ל מיץ ליים טרי 30 מ""ל סירופ פשוט 2 מקפים אנגוסטורה ביטר 60 מ""ל שמפניה ברוט או פרוסקו","יוצקים את כל המרכיבים לשייקר קוקטיילים מלבד היין, מנערים היטב עם קרח, מסננים לכוס קוקטייל אלגנטית צוננת. מלאו את היין המבעבע."
Paloma,50 ml 100% Agave Tequila 5 ml Fresh lime A pinch of Salt 100 ml Pink Grapefruit Soda,"Poor the tequila into a highball glass, squeeze the lime juice. Add ice and salt, fill up pink grapefruit soda. Stir gently.",Standard Glass,IBA Official,Global,https://iba-world.com/wp-content/uploads/2024/07/iba-cocktail-new-era-paloma-6695d3b19cda4.webp,cocktail_images\paloma.jpg,"50 מ""ל 100% אגבה טקילה 5 מ""ל ליים טרי קורט מלח 100 מ""ל סודה אשכולית ורודה","מכניסים את הטקילה לכוס גבוהה, סוחטים את מיץ הליים. הוסף קרח ומלח, מלא סודה אשכולית ורודה. מערבבים בעדינות."
Paper Plane,30 ml Bourbon Whiskey 30 ml Amaro Nonino 30 ml Aperol 30 ml Fresh Lemon Juice,"Pour all ingredients into cocktail shaker, shake well with ice, strain into chilled cocktail glass.",Standard Glass,IBA Official,Global,https://iba-world.com/wp-content/uploads/2024/07/iba-cocktail-new-era-paper-plane-6695d3b4745eb.webp,cocktail_images\paper_plane.jpg,"30 מ""ל וויסקי בורבון 30 מ""ל Amaro Nonino 30 מ""ל אפרול 30 מ""ל מיץ לימון טרי","יוצקים את כל החומרים לשייקר קוקטיילים, מנערים היטב עם קרח, מסננים לכוס קוקטייל צוננת."
Penicillin,60 ml Blended scotch whisky 7.5 ml Lagavulin 16y 22.5 ml Fresh lemon juice 22.5 ml Honey syrup 2-3 quarter size sliced fresh ginger,Muddle fresh ginger in a shaker and add the remaining ingredients except for the Islay single malt whisky. Fill the shaker with ice and shake. Fine train into a chilled Old Fashioned glass with ice. Float the single malt whisky on top.,Standard Glass,IBA Official,Global,https://iba-world.com/wp-content/uploads/2024/07/iba-cocktail-new-era-penicillin-6695d3b47b79f.webp,cocktail_images\penicillin.jpg,"60 מ""ל וויסקי סקוטי מעורב 7.5 מ""ל Lagavulin 16y 22.5 מ""ל מיץ לימון טרי 22.5 מ""ל סירופ דבש בגודל 2-3 רבעי ג'ינג'ר טרי פרוס",מערבלים ג'ינג'ר טרי בשייקר ומוסיפים את שאר המרכיבים למעט ויסקי סינגל מאלט איסליי. ממלאים את השייקר בקרח ומנערים. רכבת משובחת לתוך כוס אולד פאשן צוננת עם קרח. מרחפים מעל את הוויסקי הסינגל מאלט.
Pisco Punch,60 ml Pisco 22.5 ml Fresh Pineapple Juice 15 ml Simple Syrup 15 ml Fresh Lemon Juice 30 ml Dry White Wine 3 pcs Cloves,"Gentle mash the simple syrup with the cloves, add the remaining ingredients except the wine. Shake vigorously and double strain into a large goblet. Add the wine on top and gently stir.",Standard Glass,IBA Official,Global,https://iba-world.com/wp-content/uploads/2024/07/iba-cocktail-new-era-pisco-punch-6695d3b74b9f5.webp,cocktail_images\pisco_punch.jpg,"60 מ""ל פיסקו 22.5 מ""ל מיץ אננס טרי 15 מ""ל סירופ פשוט 15 מ""ל מיץ לימון טרי 30 מ""ל יין לבן יבש 3 יח' ציפורן","מועכים בעדינות את הסירופ הפשוט עם הציפורן, מוסיפים את שאר המרכיבים מלבד היין. לנער במרץ ולסנן כפול לתוך גביע גדול. מוסיפים את היין מעל ומערבבים בעדינות."
Porn Star Martini,50 ml Vanilla Vodka 20 ml Passion Fruit Liqueur 50 ml Passion Fruit Puree 2 Bar Spoons Vanilla Sugar 50 ml Champagne to serve on the side,"Pour all ingredients into cocktail shaker, shake well with ice, double strain into a large chilled cocktail glass. Accompany with a shot of champagne.",Standard Glass,IBA Official,Global,https://iba-world.com/wp-content/uploads/2024/07/iba-cocktail-new-era-porn-star-martini-6695d3b771b97.webp,cocktail_images\porn_star_martini.jpg,"50 מ""ל וודקה וניל 20 מ""ל ליקר פסיפלורה 50 מ""ל פירה פסיפלורה 2 כפות בר וניל סוכר 50 מ""ל שמפניה להגשה בצד","יוצקים את כל המרכיבים לשייקר קוקטיילים, מנערים היטב עם קרח, מסננים כפול לכוס קוקטייל גדולה וצוננת. ללוות עם זריקת שמפניה."
Russian Spring Punch,25 ml Vodka 25 ml Fresh Lemon Juice 15 ml Creme de Cassis 10 ml Sugar Syrup Top up with Sparkling Wine,"Pour all ingredients into cocktail shaker except the sparkling wine, shake well with ice, strain into chilled tall tumbler glass filled with ice and top up with sparkling wine.",Standard Glass,IBA Official,Global,https://iba-world.com/wp-content/uploads/2024/07/iba-cocktail-new-era-russian-spring-punch-6695d3ba314f1.webp,cocktail_images\russian_spring_punch.jpg,"25 מ""ל וודקה 25 מ""ל מיץ לימון טרי 15 מ""ל קרם דה קסיס 10 מ""ל סירופ סוכר תוספת עם יין מבעבע","יוצקים את כל המרכיבים לשייקר קוקטייל מלבד היין המבעבע, מנערים היטב עם קרח, מסננים לכוס כוס כוסית גבוהה ומצוננת מלאה בקרח וממלאים ביין מבעבע."
Sherry Cobbler,45 ml Amontillado sherry 45 ml Palo Cortado 1 tsp Superfine Sugar (or granulated) 1/2  Orange Wheel 1/2  Lemon Wheel,"Combine sherry, sugar and 2 quarter wheels each of orange and lemon in a shaker with ice, shake briskly, strain into a Julep cocktail cup filled with crushed ice.",Standard Glass,IBA Official,Global,https://iba-world.com/wp-content/uploads/2024/07/iba-cocktail-new-era-sherry-cobbler-6695d3ba8bdb7.webp,cocktail_images\sherry_cobbler.jpg,"45 מ""ל שרי אמונטילדו 45 מ""ל פאלו קורטאדו 1 כפית סוכר דק (או מגורען) 1/2  גלגל תפוז 1/2  גלגל לימון","שלבו שרי, סוכר ו-2 רבעי גלגלים כל אחד של תפוז ולימון בשייקר עם קרח, מנערים בזריזות, מסננים לתוך כוס קוקטייל ג'ולפ מלאה בקרח כתוש."
South Side,60 ml London dry Gin 30 ml Fresh Lemon  Juice 15 ml Simple syrup 5/6 Mint leaves Few drops Egg white (Optional),"Pour all ingredients into a cocktail shaker, shake well with ice, double-strain into chilled cocktail glass. Note: If egg white is used shake vigorously.",Standard Glass,IBA Official,Global,https://iba-world.com/wp-content/uploads/2024/07/iba-cocktail-new-era-south-side-6695d3bdcc9fe.webp,cocktail_images\south_side.jpg,"60 מ""ל ג'ין לונדון יבש 30 מ""ל מיץ לימון טרי 15 מ""ל סירופ פשוט 5/6 עלי נענע כמה טיפות חלבון ביצה (אופציונלי)","יוצקים את כל החומרים לשייקר קוקטיילים, מנערים היטב עם קרח, מסננים כפול לכוס קוקטייל צוננת. הערה: אם משתמשים בחלבון ביצה לנער בחוזקה."
Spicy Fifty,50 ml Vodka Vanilla 15 ml Elderflower Cordial 15 ml Fresh Lime Juice 10 ml Monin Honey Syrup 2 thin Slices Red Chili Pepper,"Pour all ingredients into a cocktail shaker, shake well with ice, double-strain into chilled cocktail glass.",Standard Glass,IBA Official,Global,https://iba-world.com/wp-content/uploads/2024/07/iba-cocktail-new-era-spicy-fifty-6695d3bdd14b1.webp,cocktail_images\spicy_fifty.jpg,"50 מ""ל וודקה וניל 15 מ""ל פרח סמבוק לבבי 15 מ""ל מיץ ליים טרי 10 מ""ל סירופ דבש מונין 2 פרוסות דקות פלפל צ'ילי אדום","יוצקים את כל החומרים לשייקר קוקטיילים, מנערים היטב עם קרח, מסננים כפול לכוס קוקטייל צוננת."
Spritz,90 ml Prosecco 60 ml Aperol Splash of Soda water,"Build all ingredients into a wine glass filled with ice. Stir gently. NOTE: There are other versions of the Spritz that use Campari, Cynar or Select instead of Aperol.",Standard Glass,IBA Official,Global,https://iba-world.com/wp-content/uploads/2024/07/iba-cocktail-new-era-spritz-6695d3c0f113f.webp,cocktail_images\spritz.jpg,"90 מ""ל פרוסקו 60 מ""ל Aperol Splash של מי סודה","בונים את כל המרכיבים לכוס יין מלאה בקרח. מערבבים בעדינות. הערה: ישנן גרסאות אחרות של Spritz המשתמשות בקמפרי, Cynar או Select במקום Aperol."
Suffering Bastard,30 ml Cognac or Brandy 30 ml Gin 15 ml Fresh Lime Juice 2 Dashes Angostura Bitters Top up Ginger beer,"Pour all ingredients into cocktail shaker except the ginger beer, shake well with ice. Pour unstrained into a Collins glass or in the original. S. Bastard mug and top up with ginger beer.",Standard Glass,IBA Official,Global,https://iba-world.com/wp-content/uploads/2024/07/iba-cocktail-new-era-suffering-bastard-6695d3c1081c4.webp,cocktail_images\suffering_bastard.jpg,"30 מ""ל קוניאק או ברנדי 30 מ""ל ג'ין 15 מ""ל מיץ ליים טרי 2 מקפים אנגוסטורה ביטר תוספת בירה ג'ינג'ר","יוצקים את כל המרכיבים לשייקר קוקטייל מלבד בירת הג'ינג'ר, מנערים היטב עם קרח. מוזגים לא מסוננים לכוס קולינס או במקור. ספל ממזר ומלא בבירה ג'ינג'ר."
Three Dots and a Dash,45 ml Rhum Martinique Agricole 15 ml Blended Aged Rum 7.5 ml Falernum 7.5 ml Allspice Saint Elizabeth15 ml Fresh Lime Juice 15 ml Fresh Orange juice 15 ml Honey Syrup 2 Dashes Angostura Bitters,"Pour all ingredients in a Blender with 12 ounces of crushed ice, flash blend, pour the drink into a footed copo glass. Fill the glass with more crushed ice.",Standard Glass,IBA Official,Global,https://iba-world.com/wp-content/uploads/2024/07/iba-cocktail-new-era-three-dots-and-a-dash-6695d3c3e2d24.webp,cocktail_images\three_dots_and_a_dash.jpg,"45 מ""ל Rhum Martinique Agricole 15 מ""ל רום מיושן בלנדד 7.5 מ""ל פלרנום 7.5 מ""ל פלפל אנגלי סנט אליזבת 15 מ""ל מיץ ליים טרי 15 מ""ל מיץ תפוזים טרי 15 מ""ל סירופ דבש 2 מקפים אנגוסטורה ביטר","יוצקים את כל המרכיבים בבלנדר עם 12 אונקיות של קרח כתוש, תערובת הבזק, מוזגים את המשקה לכוס קופו עם רגליים. ממלאים את הכוס בעוד קרח כתוש."
Tipperary,50 ml Irish Whiskey 25 ml Sweet Red Vermouth 15 ml Green Chartreuse 2 Dashes Angostura Bitters,Pour all ingredients into mixing glass with ice cubes. Stir well. Strain into chilled martini cocktail glass.,Standard Glass,IBA Official,Global,https://iba-world.com/wp-content/uploads/2024/07/iba-cocktail-new-era-tipperary-6695d3c453fd3.webp,cocktail_images\tipperary.jpg,"50 מ""ל וויסקי אירי 25 מ""ל ורמוט אדום מתוק 15 מ""ל שרטרז ירוק 2 מקפים אנגוסטורה ביטר",יוצקים את כל החומרים לכוס ערבוב עם קוביות קרח. מערבבים היטב. מסננים לכוס קוקטייל מרטיני צוננת.
Tommy’s Margarita,60 ml Tequila 100% agave 30 ml Fresh Lime Juice 30 ml Agave Nectar,"Pour all ingredients into a cocktail shaker, shake well with ice, strain into chilled rocks glass filled with ice.",Standard Glass,IBA Official,Global,https://iba-world.com/wp-content/uploads/2024/07/iba-cocktail-new-era-tommys-margarita-6695d3c7171ef.webp,cocktail_images\tommy_s_margarita.jpg,"60 מ""ל טקילה 100% אגבה 30 מ""ל מיץ ליים טרי 30 מ""ל נקטר אגבה","יוצקים את כל החומרים לשייקר קוקטיילים, מנערים היטב עם קרח, מסננים לכוס סלעים צוננת מלאה בקרח."
Trinidad Sour,45 ml Angostura Bitters 30 ml Orgeat Syrup 22.5 ml Fresh Lemon Juice 15 ml Rye Whiskey,"Pour all ingredients into a cocktail shaker, shake well with ice. Strain into chilled cocktail glass.",Standard Glass,IBA Official,Global,https://iba-world.com/wp-content/uploads/2024/07/iba-cocktail-new-era-trinidad-sour-6695d3c794a43.webp,cocktail_images\trinidad_sour.jpg,"45 מ""ל אנגוסטורה ביטר 30 מ""ל סירופ אורז'אט 22.5 מ""ל מיץ לימון טרי 15 מ""ל ויסקי שיפון","יוצקים את כל החומרים לשייקר קוקטיילים, מנערים היטב עם קרח. מסננים לכוס קוקטייל צוננת."
Ve.N.To,45 ml White Smooth Grappa 22.5 ml Fresh lemon Juice 15 ml Honey mix (replace water with chamomile)* 15 ml Chamomile cordial Few Drops of Egg White (Optional),Pour all ingredients into the shaker. Shake vigorously with ice. Strain into a chilled small tumbler glass filled with ice. NOTE: *If desired water can be replaced by chamomile infusion in the honey mix.,Standard Glass,IBA Official,Global,https://iba-world.com/wp-content/uploads/2024/07/iba-cocktail-new-era-vento-6695d3ca45bc2.webp,cocktail_images\ve_n_to.jpg,"45 מ""ל גראפה לבנה חלקה 22.5 מ""ל מיץ לימון טרי 15 מ""ל תערובת דבש (החלפת מים בקמומיל)* 15 מ""ל קמומיל לבבי כמה טיפות חלבון ביצה (אופציונלי)",יוצקים את כל החומרים לשייקר. לנער במרץ עם קרח. מסננים לתוך כוס כוס קטנה צוננת מלאה בקרח. הערה: *אם רוצים ניתן להחליף מים בחליטת קמומיל בתערובת הדבש.
